"image","caption","scheduled_at","status","tweet_id","posted_at"
"Back seat, navy lace, and absolutely nowhere I need to be 🖤.png","Back seat, navy lace, and absolutely nowhere I need to be 🖤","2026-06-17 08:50","posted","2067174430099599530","2026-06-17 12:16"
"Black lace by candlelight… I clean up dangerously well 🖤.png","Black lace by candlelight… I clean up dangerously well 🖤","2026-06-18 08:50","posted","2067546284249301084","2026-06-18 12:53"
"Black lace in an old stone villa… some nights just write themselves 🖤.png","Black lace in an old stone villa… some nights just write themselves 🖤","2026-06-19 06:50","posted","2067873913778942197","2026-06-19 10:35"
"Came to the kitchen for coffee, stayed for the mirror 😏.png","Came to the kitchen for coffee, stayed for the mirror 😏","2026-06-20 06:50","posted","2068212856794054831","2026-06-20 09:02"
"Got comfortable on the couch and completely forgot how to behave 🖤.png","Got comfortable on the couch and completely forgot how to behave 🖤","2026-06-21 06:50","posted","2068565547801883122","2026-06-21 08:23"
"Just soft pink cotton and nothing on the agenda 💗.png","Just soft pink cotton and nothing on the agenda 💗","2026-06-22 06:50","posted","2068932034072818099","2026-06-22 08:40"
"Navy lace and lazy afternoons were made for each other 💙.png","Navy lace and lazy afternoons were made for each other 💙","2026-06-23 06:50","posted","2069307237193912538","2026-06-23 09:31"
"Pink lace and absolutely no plans to get dressed 💗.png","Pink lace and absolutely no plans to get dressed 💗","2026-06-24 06:50","posted","2069656138325602485","2026-06-24 08:37"
"Put the ears on and became everyone's favorite kind of trouble 🐰.png","Put the ears on and became everyone's favorite kind of trouble 🐰","2026-06-25 06:50","posted","2070004486840422736","2026-06-25 07:41"
"Red by the window, letting the warm light do all the talking 🔴.png","Red by the window, letting the warm light do all the talking 🔴","2026-06-26 06:50","posted","2070396253985251679","2026-06-26 09:38"
"Red lace and a smile that already made up its mind ❤️.png","Red lace and a smile that already made up its mind ❤️","2026-06-27 06:50","posted","2070750673273045459","2026-06-27 09:06"
"Red on the front steps, daring the whole street to look away 🔴.png","Red on the front steps, daring the whole street to look away 🔴","2026-06-28 06:50","posted","2071111880119349639","2026-06-28 09:02"
"Slipped into navy lace and lost every reason to leave this bed 🖤.png","Slipped into navy lace and lost every reason to leave this bed 🖤","2026-06-29 06:50","posted","2071458096132796713","2026-06-29 07:57"
"Soft pink, softer mood… don't let the bow fool you 🎀.png","Soft pink, softer mood… don't let the bow fool you 🎀","2026-06-30 06:50","posted","2071834861808005351","2026-06-30 08:54"
"Some evenings just call for red lace and zero explanations 🔴.png","Some evenings just call for red lace and zero explanations 🔴","2026-07-01 06:50","posted","2072213020508385520","2026-07-01 09:57"
"Stayed late at the office for reasons that had nothing to do with work 😏.jpg","Stayed late at the office for reasons that had nothing to do with work 😏","2026-07-02 06:50","posted","2072564377056592041","2026-07-02 09:13"
"Sun's out and so is the last of my self-control 🧡.png","Sun's out and so is the last of my self-control 🧡","2026-07-03 06:50","posted","2072924028734713905","2026-07-03 09:02"
"Sweet on the outside, pure trouble in a plaid skirt 💛.png","Sweet on the outside, pure trouble in a plaid skirt 💛","2026-07-04 06:50","posted","2073255193823834335","2026-07-04 06:58"
"Wandered into the woods in red and came back a little wild 🔴.png","Wandered into the woods in red and came back a little wild 🔴","2026-07-05 06:50","posted","2073651702616523225","2026-07-05 09:14"
"Warm lamp, white lace, and a view I saved just for you 🤍.png","Warm lamp, white lace, and a view I saved just for you 🤍","2026-07-06 06:50","posted","2073992396237594941","2026-07-06 07:48"
"White lace and morning light… being good was never really the plan 😇.png","White lace and morning light… being good was never really the plan 😇","2026-07-07 06:50","posted","2074361682437214574","2026-07-07 08:15"
"Wine-colored silk and crossed legs… your move 🍷.png","Wine-colored silk and crossed legs… your move 🍷","2026-07-08 06:50","posted","2074712552936780182","2026-07-08 07:29"
"City lights, balcony air, and a view worth turning around for 🌆.png","City lights, balcony air, and a view worth turning around for 🌆","2026-07-09 06:50","posted","2075086430989427138","2026-07-09 08:15"
"Cocktail in hand, sunset on the sea… what more does a girl need 🍹.png","Cocktail in hand, sunset on the sea… what more does a girl need 🍹","2026-07-10 06:50","posted","2075432615364960368","2026-07-10 07:11"
"Dressed for the lobby, thinking about the room 🖤.png","Dressed for the lobby, thinking about the room 🖤","2026-07-11 06:50","posted","2075824151567491217","2026-07-11 09:06"
"Dusk by the pool and I'm in no hurry to behave 🖤.png","Dusk by the pool and I'm in no hurry to behave 🖤","2026-07-12 06:50","posted","2076155910796333451","2026-07-12 07:05"
"Floating through the afternoon with one arm up and not a single worry 💙.png","Floating through the afternoon with one arm up and not a single worry 💙","2026-07-13 06:50","posted","2076518877496754328","2026-07-13 07:07"
"Found my favourite spot at the bar and I'm not giving it up 🌴.png","Found my favourite spot at the bar and I'm not giving it up 🌴","2026-07-14 06:50","posted","2076887820896223711","2026-07-14 07:33"
"Golden hour hits different when you're feeling this good 🧡.png","Golden hour hits different when you're feeling this good 🧡","2026-07-15 06:50","posted","2077245687729660207","2026-07-15 07:15"
"Golden hour, white bikini, and no plans to get out of the water just yet ✨.png","Golden hour, white bikini, and no plans to get out of the water just yet ✨","2026-07-16 06:50","posted","2077617135107399789","2026-07-16 07:51"
"Golden light, a cold drink, and absolutely nowhere to be 🌅.png","Golden light, a cold drink, and absolutely nowhere to be 🌅","2026-07-17 06:50","posted","2077984582016876998","2026-07-17 08:11"
"Green, gold, and a little mischief on the good couch ✨.png","Green, gold, and a little mischief on the good couch ✨","2026-07-18 06:50","posted","2078331998200865270","2026-07-18 07:12"
"Last call by the sea and I'm still looking back at you 🌊.png","Last call by the sea and I'm still looking back at you 🌊","2026-07-19 06:50","posted","2078689928641483166","2026-07-19 06:54"
"Leaning into the kind of evening you don't want to end 🧡.png","Leaning into the kind of evening you don't want to end 🧡","2026-07-20 06:50","posted","2079081118889017461","2026-07-20 08:49"
"Legs up, heels on, and the whole evening to myself 🖤.png","Legs up, heels on, and the whole evening to myself 🖤","2026-07-21 06:50","posted","2079431160623415587","2026-07-21 07:59"
"One more sunset before I cause any real trouble 🌅.png","One more sunset before I cause any real trouble 🌅","2026-07-22 06:50","posted","2079793484735922334","2026-07-22 07:59"
"Pink bikini, warm water, and absolutely no apologies 💗.png","Pink bikini, warm water, and absolutely no apologies 💗","2026-07-23 06:50","posted","2080152331518427584","2026-07-23 07:45"
"Pink drink, pink bikini, and a sunset I refuse to waste 🍹.png","Pink drink, pink bikini, and a sunset I refuse to waste 🍹","2026-07-24 06:50","posted","2080527199027744854","2026-07-24 08:35"
"Poolside and perfectly horizontal… don't wait up 😌.png","Poolside and perfectly horizontal… don't wait up 😌","2026-07-25 06:50","posted","2080880109666684969","2026-07-25 07:57"
"Red bikini, wet skin, and a little trouble by the water 🌊.png","Red bikini, wet skin, and a little trouble by the water 🌊","2026-07-26 06:50","posted","2081237468460794109","2026-07-26 07:37"
"Rooftop, golden hour, and not a worry in sight 💙.png","Rooftop, golden hour, and not a worry in sight 💙","2026-07-27 06:50","posted","2081606181978611743","2026-07-27 08:02"
"Sitting still under the chandelier… for now 🖤.png","Sitting still under the chandelier… for now 🖤","2026-07-28 06:50","posted","2081966720777117928","2026-07-28 07:55"
"Some nights call for warm water and worse intentions 🔥.png","Some nights call for warm water and worse intentions 🔥","2026-07-29 06:50","posted","2082322526995149155","2026-07-29 07:29"
"Stretched out poolside in heels I have no intention of walking in 🖤.png","Stretched out poolside in heels I have no intention of walking in 🖤","2026-07-30 06:50","posted","2082687595364954364","2026-07-30 07:39"
"String lights, salt air, and a smile that means trouble 🖤.png","String lights, salt air, and a smile that means trouble 🖤","2026-07-31 06:50","posted","2083049075562459498","2026-07-31 07:36"
"Sun on my skin, leopard on my mind… your move 🐆.png","Sun on my skin, leopard on my mind… your move 🐆","2026-08-01 06:50","posted","2083413952738754823","2026-08-01 07:46"
"Sun-soaked and stretched out in heels, exactly how I like my afternoons ❤️.png","Sun-soaked and stretched out in heels, exactly how I like my afternoons ❤️","2026-08-02 06:50","posted","2083776821863092249","2026-08-02 07:48"
"Sunset at the window in nothing but heels and confidence 🤍.png","Sunset at the window in nothing but heels and confidence 🤍","2026-08-03 06:50","posted","2084141513638867295","2026-08-03 07:57"
"The water's warm and the light's softer… come find me at the deep end 💚.png","The water's warm and the light's softer… come find me at the deep end 💚","2026-08-04 06:50","posted","2084523378250051871","2026-08-04 09:14"
"Wet hair, warm light, and just enough trouble to keep things interesting 🔥.png","Wet hair, warm light, and just enough trouble to keep things interesting 🔥","2026-08-05 06:50","posted","2084851339805511800","2026-08-05 06:57"
"Where the pool meets the sea and the sunset does the rest 🌅.png","Where the pool meets the sea and the sunset does the rest 🌅","2026-08-06 06:50","posted","2085213884903022738","2026-08-06 06:58"
"Barefoot on the sand with nowhere to be and nothing to prove… this is my kind of perfect 🏖️.png","Barefoot on the sand with nowhere to be and nothing to prove… this is my kind of perfect 🏖️","2026-08-07 06:50","posted","2085595200701825493","2026-08-07 08:13"
"Came here to snorkel but the above-water view keeps winning… this mask is purely decorative 😄.png","Came here to snorkel but the above-water view keeps winning… this mask is purely decorative 😄","2026-08-08 06:50","posted","2085947878048981094","2026-08-08 07:35"
"Caught the wind and let go of everything else… this is the kind of chaos I sign up for 💨.png","Caught the wind and let go of everything else… this is the kind of chaos I sign up for 💨","2026-08-09 06:50","posted","2086310505367416976","2026-08-09 07:36"
"Checked into this room with zero plans… ended up finding the best kind of trouble 🖤.png","Checked into this room with zero plans… ended up finding the best kind of trouble 🖤","2026-08-10 06:50","posted","2086679510494355665","2026-08-10 08:02"
"Feet in the water and not a single thought in my head… just salt, sun, and perfect silence 💙.png","Feet in the water and not a single thought in my head… just salt, sun, and perfect silence 💙","2026-08-11 06:50","posted","2087036477838430528","2026-08-11 07:40"
"Floating through summer with this exact energy… grab a ride and come find me 💦.png","Floating through summer with this exact energy… grab a ride and come find me 💦","2026-08-12 06:50","posted","2087398927834489316","2026-08-12 07:41"
"Found the prettiest spot in Santorini and naturally had to stop for research purposes… purely academic 😏.png","Found the prettiest spot in Santorini and naturally had to stop for research purposes… purely academic 😏","2026-08-13 06:50","posted","2087762255202980028","2026-08-13 07:44"
